{
  "prediction_A": {
    "mask_ratios": [
      0.1,
      0.3,
      0.5,
      0.7
    ],
    "mse_model": [
      0.00880149967269972,
      0.012382926978170871,
      0.01580761973746121,
      0.02038109041750431
    ],
    "mse_baseline": [
      0.07753523364663124,
      0.07988879196345806,
      0.07883305251598358,
      0.07874082066118718
    ]
  },
  "prediction_B": {
    "steps": [
      0,
      1,
      2,
      3,
      4,
      5,
      6,
      7
    ],
    "l6_error": [
      0.14296874403953552,
      0.14531250298023224,
      0.14531250298023224,
      0.14531250298023224,
      0.14531250298023224,
      0.14531250298023224,
      0.14531250298023224,
      0.14531250298023224
    ],
    "steps_to_90pct_convergence": -1
  },
  "ood": {
    "clean_baseline": {
      "linear_probing_acc": 0.0,
      "recon_mse": 0.2489676557481289
    },
    "blur_3x3": {
      "linear_probing_acc": 0.0,
      "recon_mse": 0.19083476960659027,
      "robustness_score": 0.6523120924488256
    },
    "blur_5x5": {
      "linear_probing_acc": 0.25,
      "recon_mse": 0.18560418263077735,
      "robustness_score": 1.0
    },
    "rotation_15": {
      "linear_probing_acc": 0.0,
      "recon_mse": 0.3050201416015625,
      "robustness_score": 0.40811674671856085
    },
    "rotation_45": {
      "linear_probing_acc": 0.0,
      "recon_mse": 0.34853414744138717,
      "robustness_score": 0.3571639358378761
    },
    "rotation_90": {
      "linear_probing_acc": 0.25,
      "recon_mse": 0.24971868619322776,
      "robustness_score": 1.0
    },
    "occlusion_25": {
      "linear_probing_acc": 0.0,
      "recon_mse": 0.3828676104545593,
      "robustness_score": 0.325135437093441
    },
    "occlusion_50": {
      "linear_probing_acc": 0.25,
      "recon_mse": 0.518149995803833,
      "robustness_score": 1.0
    }
  }
}